URL,treba
https://hr.wikipedia.org/wiki/Kosovo,treba
https://hr.wikipedia.org/wiki/%C4%8Cetnici,treba
https://hr.wikipedia.org/wiki/%C4%8Cetnici,trebaju
https://hr.wikipedia.org/wiki/%C4%8Cetnici,treba
https://hr.wikipedia.org/wiki/%C4%8Cetnici,treba
https://hr.wikipedia.org/wiki/%C4%8Cetnici,treba
https://hr.wikipedia.org/wiki/Usta%C5%A1e,treba
https://hr.wikipedia.org/wiki/Usta%C5%A1e,trebaju
https://hr.wikipedia.org/wiki/Usta%C5%A1e,treba
https://hr.wikipedia.org/wiki/Usta%C5%A1e,treba
https://hr.wikipedia.org/wiki/Pravoslavna_crkva_u_Crnoj_Gori,treba
