URL,sorsa
https://hr.wikipedia.org/wiki/Kosovo,iseljavanje s tog 
https://hr.wikipedia.org/wiki/Kosovo, oblast sa sjedištem
https://hr.wikipedia.org/wiki/Kosovo, oblast sa sjedištem
https://hr.wikipedia.org/wiki/Kosovo, oblast sa sjedištem
https://hr.wikipedia.org/wiki/Kosovo, oblast sa sjedištem
https://hr.wikipedia.org/wiki/Kosovo,izjednačena s ostalim 
https://hr.wikipedia.org/wiki/Kosovo,sukobi s jugoslavenskim 
https://hr.wikipedia.org/wiki/Kosovo,jedinica s jedne 
https://hr.wikipedia.org/wiki/Kosovo,dogovoru s vladama 
https://hr.wikipedia.org/wiki/%C4%8Cetnici,organizacije s izrazito 
https://hr.wikipedia.org/wiki/%C4%8Cetnici, vezi sa suvremenim
https://hr.wikipedia.org/wiki/%C4%8Cetnici,sukob s krugom 
https://hr.wikipedia.org/wiki/%C4%8Cetnici,samo s nijemcima 
https://hr.wikipedia.org/wiki/%C4%8Cetnici,susreće s idejama 
https://hr.wikipedia.org/wiki/%C4%8Cetnici, albanije sa skadrom
https://hr.wikipedia.org/wiki/%C4%8Cetnici,odbrana s deklariranom 
https://hr.wikipedia.org/wiki/%C4%8Cetnici,godine s govornice 
https://hr.wikipedia.org/wiki/%C4%8Cetnici,obračunavanje s političkim 
https://hr.wikipedia.org/wiki/%C4%8Cetnici, seljaka sa samoborskog
https://hr.wikipedia.org/wiki/%C4%8Cetnici,počeli s gerilskim 
https://hr.wikipedia.org/wiki/%C4%8Cetnici,područjima s većinskim 
https://hr.wikipedia.org/wiki/%C4%8Cetnici,kontakata s mihailovićevim 
https://hr.wikipedia.org/wiki/%C4%8Cetnici, vezu sa njom
https://hr.wikipedia.org/wiki/%C4%8Cetnici, vezu sa njom
https://hr.wikipedia.org/wiki/%C4%8Cetnici,stanovništva s ciljem 
https://hr.wikipedia.org/wiki/%C4%8Cetnici,srba s područja 
https://hr.wikipedia.org/wiki/%C4%8Cetnici, surađuju sa okupatorskim
https://hr.wikipedia.org/wiki/%C4%8Cetnici, i sa snagama
https://hr.wikipedia.org/wiki/%C4%8Cetnici,borbama s partizanima 
https://hr.wikipedia.org/wiki/%C4%8Cetnici,nisu s četnicima 
https://hr.wikipedia.org/wiki/%C4%8Cetnici, kao sa zarobljenim
https://hr.wikipedia.org/wiki/%C4%8Cetnici,redenike s mecima 
https://hr.wikipedia.org/wiki/%C4%8Cetnici,odjeću s dijelovima 
https://hr.wikipedia.org/wiki/%C4%8Cetnici,zastave s lubanjom 
https://hr.wikipedia.org/wiki/%C4%8Cetnici,sukobu s partizanima 
https://hr.wikipedia.org/wiki/%C4%8Cetnici,i s vojnim 
https://hr.wikipedia.org/wiki/%C4%8Cetnici,vezu s četništvom 
https://hr.wikipedia.org/wiki/%C4%8Cetnici,povezuju s četnicima 
https://hr.wikipedia.org/wiki/%C4%8Cetnici, elemente sa svetog
https://hr.wikipedia.org/wiki/%C4%8Cetnici,postrojbi s partizanskim 
https://hr.wikipedia.org/wiki/%C4%8Cetnici,pojedincima s velikosrpskih 
https://hr.wikipedia.org/wiki/%C4%8Cetnici,su s njima 
https://hr.wikipedia.org/wiki/%C4%8Cetnici,suradnju s talijanskim 
https://hr.wikipedia.org/wiki/%C4%8Cetnici,i s ustašama 
https://hr.wikipedia.org/wiki/%C4%8Cetnici, čelu sa veleposlanikom
https://hr.wikipedia.org/wiki/%C4%8Cetnici,marke s likom 
https://hr.wikipedia.org/wiki/Usta%C5%A1e,savezom s nacistima 
https://hr.wikipedia.org/wiki/Usta%C5%A1e,svezama s nacističkim 
https://hr.wikipedia.org/wiki/Usta%C5%A1e,organizacija s ciljem 
https://hr.wikipedia.org/wiki/Usta%C5%A1e,sastao s predstavnicima 
https://hr.wikipedia.org/wiki/Usta%C5%A1e,i s vojnog 
https://hr.wikipedia.org/wiki/Usta%C5%A1e,vlakove s odredištem 
https://hr.wikipedia.org/wiki/Usta%C5%A1e,ustaša s tadašnje 
https://hr.wikipedia.org/wiki/Usta%C5%A1e,zajedno s partnerima 
https://hr.wikipedia.org/wiki/Usta%C5%A1e, jugoslavije sa susjedima
https://hr.wikipedia.org/wiki/Usta%C5%A1e, se sa njima
https://hr.wikipedia.org/wiki/Usta%C5%A1e, pavelić sa ženom
https://hr.wikipedia.org/wiki/Usta%C5%A1e, servatzy sa suprugom
https://hr.wikipedia.org/wiki/Usta%C5%A1e,narod s glavnim 
https://hr.wikipedia.org/wiki/Usta%C5%A1e,i s talijanskim 
https://hr.wikipedia.org/wiki/Usta%C5%A1e,nestali s uspostavom 
https://hr.wikipedia.org/wiki/Usta%C5%A1e,povezivali s programom 
https://hr.wikipedia.org/wiki/Usta%C5%A1e,veze s bilo 
https://hr.wikipedia.org/wiki/Usta%C5%A1e, povezivali sa svim
https://hr.wikipedia.org/wiki/Usta%C5%A1e,surađivali s makedonskim 
https://hr.wikipedia.org/wiki/Usta%C5%A1e,suradnju s ustašama 
https://hr.wikipedia.org/wiki/Usta%C5%A1e, povezao sa skupinom
https://hr.wikipedia.org/wiki/Usta%C5%A1e,veze s pristašama 
https://hr.wikipedia.org/wiki/Usta%C5%A1e,veze s talijanskim 
https://hr.wikipedia.org/wiki/Usta%C5%A1e,suradnji s madžarskom 
https://hr.wikipedia.org/wiki/Usta%C5%A1e,zajedno s pripadnicima 
https://hr.wikipedia.org/wiki/Usta%C5%A1e,suradnje s njom 
https://hr.wikipedia.org/wiki/Usta%C5%A1e,dijalog s vladom 
https://hr.wikipedia.org/wiki/Usta%C5%A1e,računala s pavelićem 
https://hr.wikipedia.org/wiki/Pravoslavna_crkva_u_Crnoj_Gori,suradnji s državom 
https://hr.wikipedia.org/wiki/Pravoslavna_crkva_u_Crnoj_Gori, i sa filipom
https://hr.wikipedia.org/wiki/Nacionalizam,povezani s tadašnjom 
https://hr.wikipedia.org/wiki/Nacionalizam, često sa spremnošću
https://hr.wikipedia.org/wiki/Nacionalizam,režima s kraja 
https://hr.wikipedia.org/wiki/Nacionalizam,povezivale s izrazitim 
https://hr.wikipedia.org/wiki/Nacionalizam, prvo sa stvaranjem
https://hr.wikipedia.org/wiki/Nacionalizam,prožima s drugim 
https://hr.wikipedia.org/wiki/Nacionalizam,niti s hrvatima 
https://hr.wikipedia.org/wiki/Nacionalizam,zemlja s onog 
https://hr.wikipedia.org/wiki/Nacionalizam, dogovor sa srbima
https://hr.wikipedia.org/wiki/Nacionalizam, prihvaćen sa stanovitom
https://hr.wikipedia.org/wiki/Nacionalizam,nagodbi s hrvatima 
https://hr.wikipedia.org/wiki/Nacionalizam,izašla s geopolitičkog 
https://hr.wikipedia.org/wiki/Nacionalizam, potom sa šveđanima
https://hr.wikipedia.org/wiki/Nacionalizam,saveze s ključnom 