URL,synth_non
https://hr.wikipedia.org/wiki/Kosovo,bileće
https://hr.wikipedia.org/wiki/%C4%8Cetnici,žerjaviću
https://hr.wikipedia.org/wiki/%C4%8Cetnici,moguće
https://hr.wikipedia.org/wiki/%C4%8Cetnici,susreće
https://hr.wikipedia.org/wiki/%C4%8Cetnici, će
https://hr.wikipedia.org/wiki/%C4%8Cetnici, će
https://hr.wikipedia.org/wiki/%C4%8Cetnici,neće
https://hr.wikipedia.org/wiki/%C4%8Cetnici,hoće
https://hr.wikipedia.org/wiki/%C4%8Cetnici,buduće
https://hr.wikipedia.org/wiki/%C4%8Cetnici,moguće
https://hr.wikipedia.org/wiki/%C4%8Cetnici, će
https://hr.wikipedia.org/wiki/%C4%8Cetnici, će
https://hr.wikipedia.org/wiki/%C4%8Cetnici,izvješću
https://hr.wikipedia.org/wiki/Usta%C5%A1e, će
https://hr.wikipedia.org/wiki/Usta%C5%A1e, će
https://hr.wikipedia.org/wiki/Usta%C5%A1e, će
https://hr.wikipedia.org/wiki/Usta%C5%A1e,uskrsnuće
https://hr.wikipedia.org/wiki/Usta%C5%A1e,poraću
https://hr.wikipedia.org/wiki/Usta%C5%A1e,poraću
https://hr.wikipedia.org/wiki/Usta%C5%A1e,vodeću
https://hr.wikipedia.org/wiki/Usta%C5%A1e, će
https://hr.wikipedia.org/wiki/Usta%C5%A1e,uskrsnuće
https://hr.wikipedia.org/wiki/Usta%C5%A1e,podmeću
https://hr.wikipedia.org/wiki/Usta%C5%A1e, će
https://hr.wikipedia.org/wiki/Pravoslavna_crkva_u_Crnoj_Gori,buduće
https://hr.wikipedia.org/wiki/Nacionalizam,nameće
https://hr.wikipedia.org/wiki/Nacionalizam, će