URL,da_inf
https://sr.wikipedia.org/wiki/%D0%9A%D0%BE%D1%81%D0%BE%D0%B2%D0%BE,требало да буде
https://sr.wikipedia.org/wiki/%D0%A7%D0%B5%D1%82%D0%BD%D0%B8%D1%86%D0%B8,хтели да прихвате
https://sr.wikipedia.org/wiki/%D0%A7%D0%B5%D1%82%D0%BD%D0%B8%D1%86%D0%B8,почињу да шаљу
https://sr.wikipedia.org/wiki/%D0%A7%D0%B5%D1%82%D0%BD%D0%B8%D1%86%D0%B8,навели да напусте
https://sr.wikipedia.org/wiki/%D0%A7%D0%B5%D1%82%D0%BD%D0%B8%D1%86%D0%B8,успели да потисну
https://sr.wikipedia.org/wiki/%D0%A7%D0%B5%D1%82%D0%BD%D0%B8%D1%86%D0%B8,смело да буде
https://sr.wikipedia.org/wiki/%D0%A7%D0%B5%D1%82%D0%BD%D0%B8%D1%86%D0%B8,успеле да ставе
https://sr.wikipedia.org/wiki/%D0%A7%D0%B5%D1%82%D0%BD%D0%B8%D1%86%D0%B8,циљем да прикупља
https://sr.wikipedia.org/wiki/%D0%A7%D0%B5%D1%82%D0%BD%D0%B8%D1%86%D0%B8,морала да буде
https://sr.wikipedia.org/wiki/%D0%A7%D0%B5%D1%82%D0%BD%D0%B8%D1%86%D0%B8,приморана да прихвати
https://sr.wikipedia.org/wiki/%D0%A7%D0%B5%D1%82%D0%BD%D0%B8%D1%86%D0%B8,почели да врше
https://sr.wikipedia.org/wiki/%D0%A7%D0%B5%D1%82%D0%BD%D0%B8%D1%86%D0%B8,одлучила да формира
https://sr.wikipedia.org/wiki/%D0%A7%D0%B5%D1%82%D0%BD%D0%B8%D1%86%D0%B8,обавезни да положе
https://sr.wikipedia.org/wiki/%D0%A7%D0%B5%D1%82%D0%BD%D0%B8%D1%86%D0%B8,био да спречи
https://sr.wikipedia.org/wiki/%D0%A7%D0%B5%D1%82%D0%BD%D0%B8%D1%86%D0%B8,сматрао да треба
https://sr.wikipedia.org/wiki/%D0%A7%D0%B5%D1%82%D0%BD%D0%B8%D1%86%D0%B8,морали да ангажују
https://sr.wikipedia.org/wiki/%D0%A7%D0%B5%D1%82%D0%BD%D0%B8%D1%86%D0%B8,обучени да стварају
https://sr.wikipedia.org/wiki/%D0%A7%D0%B5%D1%82%D0%BD%D0%B8%D1%86%D0%B8,могли да делују
https://sr.wikipedia.org/wiki/%D0%A7%D0%B5%D1%82%D0%BD%D0%B8%D1%86%D0%B8,почели да склапају
https://sr.wikipedia.org/wiki/%D0%A7%D0%B5%D1%82%D0%BD%D0%B8%D1%86%D0%B8,успели да сачувају
https://sr.wikipedia.org/wiki/%D0%A7%D0%B5%D1%82%D0%BD%D0%B8%D1%86%D0%B8,одлучује да промени
https://sr.wikipedia.org/wiki/%D0%A7%D0%B5%D1%82%D0%BD%D0%B8%D1%86%D0%B8,могла да превари
https://sr.wikipedia.org/wiki/%D0%A7%D0%B5%D1%82%D0%BD%D0%B8%D1%86%D0%B8,чека да добије
https://sr.wikipedia.org/wiki/%D0%A7%D0%B5%D1%82%D0%BD%D0%B8%D1%86%D0%B8,покушају да зауставе
https://sr.wikipedia.org/wiki/%D0%A7%D0%B5%D1%82%D0%BD%D0%B8%D1%86%D0%B8,израз да дискредитују
https://sr.wikipedia.org/wiki/%D0%A3%D1%81%D1%82%D0%B0%D1%88%D0%B5,могли да изграде
https://sr.wikipedia.org/wiki/%D0%A3%D1%81%D1%82%D0%B0%D1%88%D0%B5,тврдио да припадају
https://sr.wikipedia.org/wiki/%D0%A3%D1%81%D1%82%D0%B0%D1%88%D0%B5,престала да одговара
https://sr.wikipedia.org/wiki/%D0%A3%D1%81%D1%82%D0%B0%D1%88%D0%B5,покушала да радикализује
https://sr.wikipedia.org/wiki/%D0%A3%D1%81%D1%82%D0%B0%D1%88%D0%B5,успио да уједини
https://sr.wikipedia.org/wiki/%D0%A3%D1%81%D1%82%D0%B0%D1%88%D0%B5,успио да стекне
https://sr.wikipedia.org/wiki/%D0%A3%D1%81%D1%82%D0%B0%D1%88%D0%B5,успјели да оснују
https://sr.wikipedia.org/wiki/%D0%A3%D1%81%D1%82%D0%B0%D1%88%D0%B5,покушавале да преобрате
https://sr.wikipedia.org/wiki/%D0%A3%D1%81%D1%82%D0%B0%D1%88%D0%B5,покушали да убију
https://sr.wikipedia.org/wiki/%D0%A3%D1%81%D1%82%D0%B0%D1%88%D0%B5,одбила да изручи
https://sr.wikipedia.org/wiki/%D0%A3%D1%81%D1%82%D0%B0%D1%88%D0%B5,покушава да докаже
https://sr.wikipedia.org/wiki/%D0%A3%D1%81%D1%82%D0%B0%D1%88%D0%B5,покушао да искористи
https://sr.wikipedia.org/wiki/%D0%A3%D1%81%D1%82%D0%B0%D1%88%D0%B5,планирао да искористи
https://sr.wikipedia.org/wiki/%D0%A3%D1%81%D1%82%D0%B0%D1%88%D0%B5,план да усташе
https://sr.wikipedia.org/wiki/%D0%A3%D1%81%D1%82%D0%B0%D1%88%D0%B5,помоћ да одржавају
https://sr.wikipedia.org/wiki/%D0%A3%D1%81%D1%82%D0%B0%D1%88%D0%B5,требало да води
https://sr.wikipedia.org/wiki/%D0%A3%D1%81%D1%82%D0%B0%D1%88%D0%B5,одбио да склопи
https://sr.wikipedia.org/wiki/%D0%A3%D1%81%D1%82%D0%B0%D1%88%D0%B5,покушају да одрже
https://sr.wikipedia.org/wiki/%D0%A3%D1%81%D1%82%D0%B0%D1%88%D0%B5,покушавајући да добије
https://sr.wikipedia.org/wiki/%D0%A3%D1%81%D1%82%D0%B0%D1%88%D0%B5,престала да постоји
https://sr.wikipedia.org/wiki/%D0%A3%D1%81%D1%82%D0%B0%D1%88%D0%B5,наређено да носе
https://sr.wikipedia.org/wiki/%D0%A3%D1%81%D1%82%D0%B0%D1%88%D0%B5,напоре да успостави
https://sr.wikipedia.org/wiki/%D0%A3%D1%81%D1%82%D0%B0%D1%88%D0%B5,покушавши да дигне
https://sr.wikipedia.org/wiki/%D0%A3%D1%81%D1%82%D0%B0%D1%88%D0%B5,покушао да демонтира
https://sr.wikipedia.org/wiki/%D0%A3%D1%81%D1%82%D0%B0%D1%88%D0%B5,одбијајући да прихвате
https://sr.wikipedia.org/wiki/%D0%A3%D1%81%D1%82%D0%B0%D1%88%D0%B5,могли да објављују
https://sr.wikipedia.org/wiki/%D0%A3%D1%81%D1%82%D0%B0%D1%88%D0%B5,почели да говоре
https://sr.wikipedia.org/wiki/%D0%A3%D1%81%D1%82%D0%B0%D1%88%D0%B5,покушале да наставе
https://sr.wikipedia.org/wiki/%D0%9D%D0%B0%D1%86%D0%B8%D0%BE%D0%BD%D0%B0%D0%BB%D0%B8%D0%B7%D0%B0%D0%BC,опазити да национална
https://sr.wikipedia.org/wiki/%D0%9D%D0%B0%D1%86%D0%B8%D0%BE%D0%BD%D0%B0%D0%BB%D0%B8%D0%B7%D0%B0%D0%BC,присиљени да препознају