URL,sorsa
https://sr.wikipedia.org/wiki/%D0%9A%D0%BE%D1%81%D0%BE%D0%B2%D0%BE, протерана са српских 
https://sr.wikipedia.org/wiki/%D0%9A%D0%BE%D1%81%D0%BE%D0%B2%D0%BE, борби са њима 
https://sr.wikipedia.org/wiki/%D0%9A%D0%BE%D1%81%D0%BE%D0%B2%D0%BE, заједно са косовом 
https://sr.wikipedia.org/wiki/%D0%9A%D0%BE%D1%81%D0%BE%D0%B2%D0%BE, југославији са правом 
https://sr.wikipedia.org/wiki/%D0%9A%D0%BE%D1%81%D0%BE%D0%B2%D0%BE, срба са косова 
https://sr.wikipedia.org/wiki/%D0%9A%D0%BE%D1%81%D0%BE%D0%B2%D0%BE, повукла са косова 
https://sr.wikipedia.org/wiki/%D0%9A%D0%BE%D1%81%D0%BE%D0%B2%D0%BE, и са запада 
https://sr.wikipedia.org/wiki/%D0%A7%D0%B5%D1%82%D0%BD%D0%B8%D1%86%D0%B8, почиње са оснивањем 
https://sr.wikipedia.org/wiki/%D0%A7%D0%B5%D1%82%D0%BD%D0%B8%D1%86%D0%B8, почиње са просветном 
https://sr.wikipedia.org/wiki/%D0%A7%D0%B5%D1%82%D0%BD%D0%B8%D1%86%D0%B8, вмро са циљем 
https://sr.wikipedia.org/wiki/%D0%A7%D0%B5%D1%82%D0%BD%D0%B8%D1%86%D0%B8, почело са организовањем 
https://sr.wikipedia.org/wiki/%D0%A7%D0%B5%D1%82%D0%BD%D0%B8%D1%86%D0%B8, борби са турском 
https://sr.wikipedia.org/wiki/%D0%A7%D0%B5%D1%82%D0%BD%D0%B8%D1%86%D0%B8, одбрана са циљем 
https://sr.wikipedia.org/wiki/%D0%A7%D0%B5%D1%82%D0%BD%D0%B8%D1%86%D0%B8, спојио са одредом 
https://sr.wikipedia.org/wiki/%D0%A7%D0%B5%D1%82%D0%BD%D0%B8%D1%86%D0%B8, борбе са албанцима 
https://sr.wikipedia.org/wiki/%D0%A7%D0%B5%D1%82%D0%BD%D0%B8%D1%86%D0%B8, уједињења са мајком 
https://sr.wikipedia.org/wiki/%D0%A7%D0%B5%D1%82%D0%BD%D0%B8%D1%86%D0%B8, четника са привременим 
https://sr.wikipedia.org/wiki/%D0%A7%D0%B5%D1%82%D0%BD%D0%B8%D1%86%D0%B8, се са српском 
https://sr.wikipedia.org/wiki/%D0%A7%D0%B5%D1%82%D0%BD%D0%B8%D1%86%D0%B8, се са једном 
https://sr.wikipedia.org/wiki/%D0%A7%D0%B5%D1%82%D0%BD%D0%B8%D1%86%D0%B8, је са радом 
https://sr.wikipedia.org/wiki/%D0%A7%D0%B5%D1%82%D0%BD%D0%B8%D1%86%D0%B8, земљи са око 
https://sr.wikipedia.org/wiki/%D0%A7%D0%B5%D1%82%D0%BD%D0%B8%D1%86%D0%B8, разрачунавање са политичким 
https://sr.wikipedia.org/wiki/%D0%A7%D0%B5%D1%82%D0%BD%D0%B8%D1%86%D0%B8, челу са пуковником 
https://sr.wikipedia.org/wiki/%D0%A7%D0%B5%D1%82%D0%BD%D0%B8%D1%86%D0%B8, сукоба са немцима 
https://sr.wikipedia.org/wiki/%D0%A7%D0%B5%D1%82%D0%BD%D0%B8%D1%86%D0%B8, уговоре са ндх 
https://sr.wikipedia.org/wiki/%D0%A7%D0%B5%D1%82%D0%BD%D0%B8%D1%86%D0%B8, су са италијанима 
https://sr.wikipedia.org/wiki/%D0%A7%D0%B5%D1%82%D0%BD%D0%B8%D1%86%D0%B8, је са немцима 
https://sr.wikipedia.org/wiki/%D0%A7%D0%B5%D1%82%D0%BD%D0%B8%D1%86%D0%B8, вођен са политичке 
https://sr.wikipedia.org/wiki/%D0%A7%D0%B5%D1%82%D0%BD%D0%B8%D1%86%D0%B8, сукоба са немцима 
https://sr.wikipedia.org/wiki/%D0%A7%D0%B5%D1%82%D0%BD%D0%B8%D1%86%D0%B8, колаборације са силама 
https://sr.wikipedia.org/wiki/%D0%A7%D0%B5%D1%82%D0%BD%D0%B8%D1%86%D0%B8, сарадњу са немцима 
https://sr.wikipedia.org/wiki/%D0%A7%D0%B5%D1%82%D0%BD%D0%B8%D1%86%D0%B8, заједно са немцима 
https://sr.wikipedia.org/wiki/%D0%A3%D1%81%D1%82%D0%B0%D1%88%D0%B5, сарађивало са српским 
https://sr.wikipedia.org/wiki/%D0%A3%D1%81%D1%82%D0%B0%D1%88%D0%B5, челу са стјепаном 
https://sr.wikipedia.org/wiki/%D0%A3%D1%81%D1%82%D0%B0%D1%88%D0%B5, споразум са министарским 
https://sr.wikipedia.org/wiki/%D0%A3%D1%81%D1%82%D0%B0%D1%88%D0%B5, сарадња са антом 
https://sr.wikipedia.org/wiki/%D0%A3%D1%81%D1%82%D0%B0%D1%88%D0%B5, вези са унутрашњом 
https://sr.wikipedia.org/wiki/%D0%A3%D1%81%D1%82%D0%B0%D1%88%D0%B5, контакт са бившим 
https://sr.wikipedia.org/wiki/%D0%A3%D1%81%D1%82%D0%B0%D1%88%D0%B5, веза са њемачком 
https://sr.wikipedia.org/wiki/%D0%A3%D1%81%D1%82%D0%B0%D1%88%D0%B5, повезало са тамошњим 
https://sr.wikipedia.org/wiki/%D0%A3%D1%81%D1%82%D0%B0%D1%88%D0%B5, хитлера са идејом 
https://sr.wikipedia.org/wiki/%D0%A3%D1%81%D1%82%D0%B0%D1%88%D0%B5, закључила са италијом 
https://sr.wikipedia.org/wiki/%D0%A3%D1%81%D1%82%D0%B0%D1%88%D0%B5, сарадња са југословенском 
https://sr.wikipedia.org/wiki/%D0%A3%D1%81%D1%82%D0%B0%D1%88%D0%B5, а са њом 
https://sr.wikipedia.org/wiki/%D0%A3%D1%81%D1%82%D0%B0%D1%88%D0%B5, везе са италијом 
https://sr.wikipedia.org/wiki/%D0%A3%D1%81%D1%82%D0%B0%D1%88%D0%B5, бити са њом 
https://sr.wikipedia.org/wiki/%D0%A3%D1%81%D1%82%D0%B0%D1%88%D0%B5, консултације са њемачком 
https://sr.wikipedia.org/wiki/%D0%A3%D1%81%D1%82%D0%B0%D1%88%D0%B5, челу са павелићем 
https://sr.wikipedia.org/wiki/%D0%A3%D1%81%D1%82%D0%B0%D1%88%D0%B5, кватерник са својим 
https://sr.wikipedia.org/wiki/%D0%A3%D1%81%D1%82%D0%B0%D1%88%D0%B5, далмације са око 
https://sr.wikipedia.org/wiki/%D0%A3%D1%81%D1%82%D0%B0%D1%88%D0%B5, помирења са њеним 
https://sr.wikipedia.org/wiki/%D0%A3%D1%81%D1%82%D0%B0%D1%88%D0%B5, вези са италијанским 
https://sr.wikipedia.org/wiki/%D0%A3%D1%81%D1%82%D0%B0%D1%88%D0%B5, режим са снажним 
https://sr.wikipedia.org/wiki/%D0%A3%D1%81%D1%82%D0%B0%D1%88%D0%B5, паралелно са војском 
https://sr.wikipedia.org/wiki/%D0%A3%D1%81%D1%82%D0%B0%D1%88%D0%B5, примирје са мјесним 
https://sr.wikipedia.org/wiki/%D0%A3%D1%81%D1%82%D0%B0%D1%88%D0%B5, заједно са усташама 
https://sr.wikipedia.org/wiki/%D0%A3%D1%81%D1%82%D0%B0%D1%88%D0%B5, контакт са владама 
https://sr.wikipedia.org/wiki/%D0%A3%D1%81%D1%82%D0%B0%D1%88%D0%B5, и са личним 
https://sr.wikipedia.org/wiki/%D0%A3%D1%81%D1%82%D0%B0%D1%88%D0%B5, повезан са мусолинијевим 
https://sr.wikipedia.org/wiki/%D0%A3%D1%81%D1%82%D0%B0%D1%88%D0%B5, траке са латиничким 
https://sr.wikipedia.org/wiki/%D0%A3%D1%81%D1%82%D0%B0%D1%88%D0%B5, отпочеле са стварањем 
https://sr.wikipedia.org/wiki/%D0%A3%D1%81%D1%82%D0%B0%D1%88%D0%B5, су са подручја 
https://sr.wikipedia.org/wiki/%D0%A3%D1%81%D1%82%D0%B0%D1%88%D0%B5, разговору са њим 
https://sr.wikipedia.org/wiki/%D0%A3%D1%81%D1%82%D0%B0%D1%88%D0%B5, хрватској са одређеним 
https://sr.wikipedia.org/wiki/%D0%A3%D1%81%D1%82%D0%B0%D1%88%D0%B5, четника са члановима 
https://sr.wikipedia.org/wiki/%D0%A3%D1%81%D1%82%D0%B0%D1%88%D0%B5, сарадњу са било 
https://sr.wikipedia.org/wiki/%D0%A3%D1%81%D1%82%D0%B0%D1%88%D0%B5, сарадњу са мачеком 
https://sr.wikipedia.org/wiki/%D0%A3%D1%81%D1%82%D0%B0%D1%88%D0%B5, заједно са још 
https://sr.wikipedia.org/wiki/%D0%A3%D1%81%D1%82%D0%B0%D1%88%D0%B5, супротности са хрватским 
https://sr.wikipedia.org/wiki/%D0%A3%D1%81%D1%82%D0%B0%D1%88%D0%B5, препискама са вођством 
https://sr.wikipedia.org/wiki/%D0%A3%D1%81%D1%82%D0%B0%D1%88%D0%B5, вези са исламом 
https://sr.wikipedia.org/wiki/%D0%A3%D1%81%D1%82%D0%B0%D1%88%D0%B5, хрватима са подручја 
https://sr.wikipedia.org/wiki/%D0%A3%D1%81%D1%82%D0%B0%D1%88%D0%B5, савез са њемачком 
https://sr.wikipedia.org/wiki/%D0%A3%D1%81%D1%82%D0%B0%D1%88%D0%B5, повезивана са политиом 
https://sr.wikipedia.org/wiki/%D0%A3%D1%81%D1%82%D0%B0%D1%88%D0%B5, ресторани са називом 
https://sr.wikipedia.org/wiki/%D0%A3%D1%81%D1%82%D0%B0%D1%88%D0%B5, челу са доброславом 
https://sr.wikipedia.org/wiki/%D0%9F%D1%80%D0%B0%D0%B2%D0%BE%D1%81%D0%BB%D0%B0%D0%B2%D0%BD%D0%B0_%D1%86%D1%80%D0%BA%D0%B2%D0%B0_%D1%83_%D0%A6%D1%80%D0%BD%D0%BE%D1%98_%D0%93%D0%BE%D1%80%D0%B8, сарадњи са државом 
https://sr.wikipedia.org/wiki/%D0%9F%D1%80%D0%B0%D0%B2%D0%BE%D1%81%D0%BB%D0%B0%D0%B2%D0%BD%D0%B0_%D1%86%D1%80%D0%BA%D0%B2%D0%B0_%D1%83_%D0%A6%D1%80%D0%BD%D0%BE%D1%98_%D0%93%D0%BE%D1%80%D0%B8, и са филипом 
https://sr.wikipedia.org/wiki/%D0%9D%D0%B0%D1%86%D0%B8%D0%BE%D0%BD%D0%B0%D0%BB%D0%B8%D0%B7%D0%B0%D0%BC, државу са ограниченим 
https://sr.wikipedia.org/wiki/%D0%9D%D0%B0%D1%86%D0%B8%D0%BE%D0%BD%D0%B0%D0%BB%D0%B8%D0%B7%D0%B0%D0%BC, века са појавом 
https://sr.wikipedia.org/wiki/%D0%9D%D0%B0%D1%86%D0%B8%D0%BE%D0%BD%D0%B0%D0%BB%D0%B8%D0%B7%D0%B0%D0%BC, повезани са тадашњом 
https://sr.wikipedia.org/wiki/%D0%9D%D0%B0%D1%86%D0%B8%D0%BE%D0%BD%D0%B0%D0%BB%D0%B8%D0%B7%D0%B0%D0%BC, често са спремношћу 
https://sr.wikipedia.org/wiki/%D0%9D%D0%B0%D1%86%D0%B8%D0%BE%D0%BD%D0%B0%D0%BB%D0%B8%D0%B7%D0%B0%D0%BC, повезивале са изразитим 
https://sr.wikipedia.org/wiki/%D0%9D%D0%B0%D1%86%D0%B8%D0%BE%D0%BD%D0%B0%D0%BB%D0%B8%D0%B7%D0%B0%D0%BC, прво са стварањем 
https://sr.wikipedia.org/wiki/%D0%9D%D0%B0%D1%86%D0%B8%D0%BE%D0%BD%D0%B0%D0%BB%D0%B8%D0%B7%D0%B0%D0%BC, национализма са наглашеном 
https://sr.wikipedia.org/wiki/%D0%9D%D0%B0%D1%86%D0%B8%D0%BE%D0%BD%D0%B0%D0%BB%D0%B8%D0%B7%D0%B0%D0%BC, национализма са наглашеном 
https://sr.wikipedia.org/wiki/%D0%9D%D0%B0%D1%86%D0%B8%D0%BE%D0%BD%D0%B0%D0%BB%D0%B8%D0%B7%D0%B0%D0%BC, савезе са кључном 
https://sr.wikipedia.org/wiki/%D0%9D%D0%B0%D1%86%D0%B8%D0%BE%D0%BD%D0%B0%D0%BB%D0%B8%D0%B7%D0%B0%D0%BC, повезан са слабим 
